,Description,Address,Price,No of beds,No of baths,No of toilets
0,A 2 bedroom flat ,Amuwo Odofin Housing Estate close to Shoprite Festac Amuwo Odofin Lagos,"₦26,000,000",2 beds,2 baths,2 Toilets
1,spacious 6 bedroom duplex on about 2000sqm ,Festac Amuwo Odofin Lagos,"₦310,000,000",6 beds,5 baths, Toilets
2,DUPLEX,Festac Amuwo Odofin Lagos,"₦140,000,000",0 beds,0 baths,0 Toilets
3,CORNER PIECE PLOT OF LAND,15th Avenue Festac Amuwo Odofin Lagos,"₦30,000,000",0 beds,0 baths,0 Toilets
4,Commercial land available,Very close to the beach Costal town Festac Amuwo Odofin Lagos,"₦250,000,000",0 beds,0 baths,0 Toilets
5,Spacious 5bdrm duplex with 2bdrm bq @3th Avenue Festac for 67m neg.,3rd avenue Festac Amuwo Odofin Lagos,"₦67,000,000/year",5 beds,5 baths,5 Toilets
6,"5 BEDROOM HOUSE T9 TYPE AT SECOND AVENUE, FESTAC, LAGOS",Festac Amuwo Odofin Lagos,"₦60,000,000",5 beds,4 baths,5 Toilets
7,Nation Gardens Estate,"6th Avenue, Billionaire's Quaters Festac Amuwo Odofin Lagos","₦3,800,000", beds, baths, Toilets
8,Functional school on one and half plot of Land ,Festac Amuwo Odofin Lagos,"₦105,000,000",0 beds,0 baths,0 Toilets
9,3 Bedroom Terrace + BQ,The Venice Sangotedo Lagos,Not available,3 beds,3 baths,4 Toilets
10,Promo Price still selling @ 10m The Emperor Pillars FESTAC Town is selling Plots of Land N10m Per Plot,Festact Town in Amuwo Odofin Festac Amuwo Odofin Lagos,"₦10,000,000", beds, baths, Toilets
11,Land Two Plot Together fenced round,Behind ASPAMDA INTERNATIONAL TRADE FAIR MARKET Abule Ado Festac Amuwo Odofin Lagos,"₦50,000,000",0 beds,0 baths,0 Toilets
12,3767sqm Dry land,Festac Amuwo Odofin Lagos,"₦750,000,000", beds, baths, Toilets
13,Land ,6th Avenue Festac Amuwo Odofin Lagos,"₦15,000,000",0 beds,0 baths,0 Toilets
14,"10,000sqm Fenced & Gated Vacant Land Suitable for Estate Development, etc",Festac Amuwo Odofin Lagos,"₦650,000,000", beds, baths, Toilets
15,9 Acres of Land Plot Suitable for Commercial & Residential Developments ,2nd Gate Festac Amuwo Odofin Lagos,"₦1,800,000,000",0 beds,0 baths,0 Toilets
16,6 numbers of 3bedroom flat,Ago palace Festac Amuwo Odofin Lagos,"₦90,000,000",0 beds,0 baths,0 Toilets
17,Diamond Estate land Federal CofO,Festac Amuwo Odofin Lagos,"₦7,000,000", beds, baths, Toilets
18,Luxury Hotel Development,Festac Amuwo Odofin Lagos,"₦350,000,000", beds, baths, Toilets
19,BLOCK OF FLATS,Festac town. First Avenue 101 Festac Amuwo Odofin Lagos,"₦135,000,000", beds, baths, Toilets
20,Properties on a 2acres of land + an Extra 1 plot of land ,Festac town Festac Amuwo Odofin Lagos,"₦600,000,000",10 beds,10 baths,10 Toilets
21,A 2 bedroom flat ,Amuwo Odofin Housing Estate close to Shoprite Festac Amuwo Odofin Lagos,"₦26,000,000",2 beds,2 baths,2 Toilets
22,spacious 6 bedroom duplex on about 2000sqm ,Festac Amuwo Odofin Lagos,"₦310,000,000",6 beds,5 baths, Toilets
23,DUPLEX,Festac Amuwo Odofin Lagos,"₦140,000,000",0 beds,0 baths,0 Toilets
24,CORNER PIECE PLOT OF LAND,15th Avenue Festac Amuwo Odofin Lagos,"₦30,000,000",0 beds,0 baths,0 Toilets
25,Commercial land available,Very close to the beach Costal town Festac Amuwo Odofin Lagos,"₦250,000,000",0 beds,0 baths,0 Toilets
26,Spacious 5bdrm duplex with 2bdrm bq @3th Avenue Festac for 67m neg.,3rd avenue Festac Amuwo Odofin Lagos,"₦67,000,000/year",5 beds,5 baths,5 Toilets
27,"5 BEDROOM HOUSE T9 TYPE AT SECOND AVENUE, FESTAC, LAGOS",Festac Amuwo Odofin Lagos,"₦60,000,000",5 beds,4 baths,5 Toilets
28,Nation Gardens Estate,"6th Avenue, Billionaire's Quaters Festac Amuwo Odofin Lagos","₦3,800,000", beds, baths, Toilets
29,Functional school on one and half plot of Land ,Festac Amuwo Odofin Lagos,"₦105,000,000",0 beds,0 baths,0 Toilets
30,3 bedroom duplex in a private gated residential estate in Lekki. behind World Oil,"Graceville Estate, Hon Ajayi Alaba Street Ilasan Lekki Lagos",Not available,3 beds,4 baths,5 Toilets
31,Promo Price still selling @ 10m The Emperor Pillars FESTAC Town is selling Plots of Land N10m Per Plot,Festact Town in Amuwo Odofin Festac Amuwo Odofin Lagos,"₦10,000,000", beds, baths, Toilets
32,Land Two Plot Together fenced round,Behind ASPAMDA INTERNATIONAL TRADE FAIR MARKET Abule Ado Festac Amuwo Odofin Lagos,"₦50,000,000",0 beds,0 baths,0 Toilets
33,3767sqm Dry land,Festac Amuwo Odofin Lagos,"₦750,000,000", beds, baths, Toilets
34,Land ,6th Avenue Festac Amuwo Odofin Lagos,"₦15,000,000",0 beds,0 baths,0 Toilets
35,"10,000sqm Fenced & Gated Vacant Land Suitable for Estate Development, etc",Festac Amuwo Odofin Lagos,"₦650,000,000", beds, baths, Toilets
36,9 Acres of Land Plot Suitable for Commercial & Residential Developments ,2nd Gate Festac Amuwo Odofin Lagos,"₦1,800,000,000",0 beds,0 baths,0 Toilets
37,6 numbers of 3bedroom flat,Ago palace Festac Amuwo Odofin Lagos,"₦90,000,000",0 beds,0 baths,0 Toilets
38,Diamond Estate land Federal CofO,Festac Amuwo Odofin Lagos,"₦7,000,000", beds, baths, Toilets
39,Luxury Hotel Development,Festac Amuwo Odofin Lagos,"₦350,000,000", beds, baths, Toilets
40,BLOCK OF FLATS,Festac town. First Avenue 101 Festac Amuwo Odofin Lagos,"₦135,000,000", beds, baths, Toilets
41,Properties on a 2acres of land + an Extra 1 plot of land ,Festac town Festac Amuwo Odofin Lagos,"₦600,000,000",10 beds,10 baths,10 Toilets
42,A 2 bedroom flat ,Amuwo Odofin Housing Estate close to Shoprite Festac Amuwo Odofin Lagos,"₦26,000,000",2 beds,2 baths,2 Toilets
43,spacious 6 bedroom duplex on about 2000sqm ,Festac Amuwo Odofin Lagos,"₦310,000,000",6 beds,5 baths, Toilets
44,DUPLEX,Festac Amuwo Odofin Lagos,"₦140,000,000",0 beds,0 baths,0 Toilets
45,CORNER PIECE PLOT OF LAND,15th Avenue Festac Amuwo Odofin Lagos,"₦30,000,000",0 beds,0 baths,0 Toilets
46,Commercial land available,Very close to the beach Costal town Festac Amuwo Odofin Lagos,"₦250,000,000",0 beds,0 baths,0 Toilets
47,Spacious 5bdrm duplex with 2bdrm bq @3th Avenue Festac for 67m neg.,3rd avenue Festac Amuwo Odofin Lagos,"₦67,000,000/year",5 beds,5 baths,5 Toilets
48,"5 BEDROOM HOUSE T9 TYPE AT SECOND AVENUE, FESTAC, LAGOS",Festac Amuwo Odofin Lagos,"₦60,000,000",5 beds,4 baths,5 Toilets
49,Nation Gardens Estate,"6th Avenue, Billionaire's Quaters Festac Amuwo Odofin Lagos","₦3,800,000", beds, baths, Toilets
50,Functional school on one and half plot of Land ,Festac Amuwo Odofin Lagos,"₦105,000,000",0 beds,0 baths,0 Toilets
51,Newly Built Two Bedroom Apartment ,Agungi Lekki Lagos,Not available,2 beds,2 baths,3 Toilets
52,Promo Price still selling @ 10m The Emperor Pillars FESTAC Town is selling Plots of Land N10m Per Plot,Festact Town in Amuwo Odofin Festac Amuwo Odofin Lagos,"₦10,000,000", beds, baths, Toilets
53,Land Two Plot Together fenced round,Behind ASPAMDA INTERNATIONAL TRADE FAIR MARKET Abule Ado Festac Amuwo Odofin Lagos,"₦50,000,000",0 beds,0 baths,0 Toilets
54,3767sqm Dry land,Festac Amuwo Odofin Lagos,"₦750,000,000", beds, baths, Toilets
55,Land ,6th Avenue Festac Amuwo Odofin Lagos,"₦15,000,000",0 beds,0 baths,0 Toilets
56,"10,000sqm Fenced & Gated Vacant Land Suitable for Estate Development, etc",Festac Amuwo Odofin Lagos,"₦650,000,000", beds, baths, Toilets
57,9 Acres of Land Plot Suitable for Commercial & Residential Developments ,2nd Gate Festac Amuwo Odofin Lagos,"₦1,800,000,000",0 beds,0 baths,0 Toilets
58,6 numbers of 3bedroom flat,Ago palace Festac Amuwo Odofin Lagos,"₦90,000,000",0 beds,0 baths,0 Toilets
59,Diamond Estate land Federal CofO,Festac Amuwo Odofin Lagos,"₦7,000,000", beds, baths, Toilets
60,Luxury Hotel Development,Festac Amuwo Odofin Lagos,"₦350,000,000", beds, baths, Toilets
61,BLOCK OF FLATS,Festac town. First Avenue 101 Festac Amuwo Odofin Lagos,"₦135,000,000", beds, baths, Toilets
62,Properties on a 2acres of land + an Extra 1 plot of land ,Festac town Festac Amuwo Odofin Lagos,"₦600,000,000",10 beds,10 baths,10 Toilets
63,A 2 bedroom flat ,Amuwo Odofin Housing Estate close to Shoprite Festac Amuwo Odofin Lagos,"₦26,000,000",2 beds,2 baths,2 Toilets
64,spacious 6 bedroom duplex on about 2000sqm ,Festac Amuwo Odofin Lagos,"₦310,000,000",6 beds,5 baths, Toilets
65,DUPLEX,Festac Amuwo Odofin Lagos,"₦140,000,000",0 beds,0 baths,0 Toilets
66,CORNER PIECE PLOT OF LAND,15th Avenue Festac Amuwo Odofin Lagos,"₦30,000,000",0 beds,0 baths,0 Toilets
67,Commercial land available,Very close to the beach Costal town Festac Amuwo Odofin Lagos,"₦250,000,000",0 beds,0 baths,0 Toilets
68,Spacious 5bdrm duplex with 2bdrm bq @3th Avenue Festac for 67m neg.,3rd avenue Festac Amuwo Odofin Lagos,"₦67,000,000/year",5 beds,5 baths,5 Toilets
69,"5 BEDROOM HOUSE T9 TYPE AT SECOND AVENUE, FESTAC, LAGOS",Festac Amuwo Odofin Lagos,"₦60,000,000",5 beds,4 baths,5 Toilets
70,Nation Gardens Estate,"6th Avenue, Billionaire's Quaters Festac Amuwo Odofin Lagos","₦3,800,000", beds, baths, Toilets
71,Functional school on one and half plot of Land ,Festac Amuwo Odofin Lagos,"₦105,000,000",0 beds,0 baths,0 Toilets
72,Capri apartments (3 bedroom flats),Sangotedo Lagos,Not available,3 beds,0 baths,0 Toilets
73,Promo Price still selling @ 10m The Emperor Pillars FESTAC Town is selling Plots of Land N10m Per Plot,Festact Town in Amuwo Odofin Festac Amuwo Odofin Lagos,"₦10,000,000", beds, baths, Toilets
74,Land Two Plot Together fenced round,Behind ASPAMDA INTERNATIONAL TRADE FAIR MARKET Abule Ado Festac Amuwo Odofin Lagos,"₦50,000,000",0 beds,0 baths,0 Toilets
75,3767sqm Dry land,Festac Amuwo Odofin Lagos,"₦750,000,000", beds, baths, Toilets
76,Land ,6th Avenue Festac Amuwo Odofin Lagos,"₦15,000,000",0 beds,0 baths,0 Toilets
77,"10,000sqm Fenced & Gated Vacant Land Suitable for Estate Development, etc",Festac Amuwo Odofin Lagos,"₦650,000,000", beds, baths, Toilets
78,9 Acres of Land Plot Suitable for Commercial & Residential Developments ,2nd Gate Festac Amuwo Odofin Lagos,"₦1,800,000,000",0 beds,0 baths,0 Toilets
79,6 numbers of 3bedroom flat,Ago palace Festac Amuwo Odofin Lagos,"₦90,000,000",0 beds,0 baths,0 Toilets
80,Diamond Estate land Federal CofO,Festac Amuwo Odofin Lagos,"₦7,000,000", beds, baths, Toilets
81,Luxury Hotel Development,Festac Amuwo Odofin Lagos,"₦350,000,000", beds, baths, Toilets
82,BLOCK OF FLATS,Festac town. First Avenue 101 Festac Amuwo Odofin Lagos,"₦135,000,000", beds, baths, Toilets
83,Properties on a 2acres of land + an Extra 1 plot of land ,Festac town Festac Amuwo Odofin Lagos,"₦600,000,000",10 beds,10 baths,10 Toilets
84,A 2 bedroom flat ,Amuwo Odofin Housing Estate close to Shoprite Festac Amuwo Odofin Lagos,"₦26,000,000",2 beds,2 baths,2 Toilets
85,spacious 6 bedroom duplex on about 2000sqm ,Festac Amuwo Odofin Lagos,"₦310,000,000",6 beds,5 baths, Toilets
86,DUPLEX,Festac Amuwo Odofin Lagos,"₦140,000,000",0 beds,0 baths,0 Toilets
87,CORNER PIECE PLOT OF LAND,15th Avenue Festac Amuwo Odofin Lagos,"₦30,000,000",0 beds,0 baths,0 Toilets
88,Commercial land available,Very close to the beach Costal town Festac Amuwo Odofin Lagos,"₦250,000,000",0 beds,0 baths,0 Toilets
89,Spacious 5bdrm duplex with 2bdrm bq @3th Avenue Festac for 67m neg.,3rd avenue Festac Amuwo Odofin Lagos,"₦67,000,000/year",5 beds,5 baths,5 Toilets
90,"5 BEDROOM HOUSE T9 TYPE AT SECOND AVENUE, FESTAC, LAGOS",Festac Amuwo Odofin Lagos,"₦60,000,000",5 beds,4 baths,5 Toilets
91,Nation Gardens Estate,"6th Avenue, Billionaire's Quaters Festac Amuwo Odofin Lagos","₦3,800,000", beds, baths, Toilets
92,Functional school on one and half plot of Land ,Festac Amuwo Odofin Lagos,"₦105,000,000",0 beds,0 baths,0 Toilets
93,Luxurious Newly Built Spacious 4 Bedroom Detached Duplex with a massive BQ in a serene neighborhood ,Guzape(asokoro) Guzape Abuja,Not available,4 beds,6 baths,6 Toilets
94,Promo Price still selling @ 10m The Emperor Pillars FESTAC Town is selling Plots of Land N10m Per Plot,Festact Town in Amuwo Odofin Festac Amuwo Odofin Lagos,"₦10,000,000", beds, baths, Toilets
95,Land Two Plot Together fenced round,Behind ASPAMDA INTERNATIONAL TRADE FAIR MARKET Abule Ado Festac Amuwo Odofin Lagos,"₦50,000,000",0 beds,0 baths,0 Toilets
96,3767sqm Dry land,Festac Amuwo Odofin Lagos,"₦750,000,000", beds, baths, Toilets
97,Land ,6th Avenue Festac Amuwo Odofin Lagos,"₦15,000,000",0 beds,0 baths,0 Toilets
98,"10,000sqm Fenced & Gated Vacant Land Suitable for Estate Development, etc",Festac Amuwo Odofin Lagos,"₦650,000,000", beds, baths, Toilets
99,9 Acres of Land Plot Suitable for Commercial & Residential Developments ,2nd Gate Festac Amuwo Odofin Lagos,"₦1,800,000,000",0 beds,0 baths,0 Toilets
100,6 numbers of 3bedroom flat,Ago palace Festac Amuwo Odofin Lagos,"₦90,000,000",0 beds,0 baths,0 Toilets
101,Diamond Estate land Federal CofO,Festac Amuwo Odofin Lagos,"₦7,000,000", beds, baths, Toilets
102,Luxury Hotel Development,Festac Amuwo Odofin Lagos,"₦350,000,000", beds, baths, Toilets
103,BLOCK OF FLATS,Festac town. First Avenue 101 Festac Amuwo Odofin Lagos,"₦135,000,000", beds, baths, Toilets
104,Properties on a 2acres of land + an Extra 1 plot of land ,Festac town Festac Amuwo Odofin Lagos,"₦600,000,000",10 beds,10 baths,10 Toilets
105,A 2 bedroom flat ,Amuwo Odofin Housing Estate close to Shoprite Festac Amuwo Odofin Lagos,"₦26,000,000",2 beds,2 baths,2 Toilets
106,spacious 6 bedroom duplex on about 2000sqm ,Festac Amuwo Odofin Lagos,"₦310,000,000",6 beds,5 baths, Toilets
107,DUPLEX,Festac Amuwo Odofin Lagos,"₦140,000,000",0 beds,0 baths,0 Toilets
108,CORNER PIECE PLOT OF LAND,15th Avenue Festac Amuwo Odofin Lagos,"₦30,000,000",0 beds,0 baths,0 Toilets
109,Commercial land available,Very close to the beach Costal town Festac Amuwo Odofin Lagos,"₦250,000,000",0 beds,0 baths,0 Toilets
110,Spacious 5bdrm duplex with 2bdrm bq @3th Avenue Festac for 67m neg.,3rd avenue Festac Amuwo Odofin Lagos,"₦67,000,000/year",5 beds,5 baths,5 Toilets
111,"5 BEDROOM HOUSE T9 TYPE AT SECOND AVENUE, FESTAC, LAGOS",Festac Amuwo Odofin Lagos,"₦60,000,000",5 beds,4 baths,5 Toilets
112,Nation Gardens Estate,"6th Avenue, Billionaire's Quaters Festac Amuwo Odofin Lagos","₦3,800,000", beds, baths, Toilets
113,Functional school on one and half plot of Land ,Festac Amuwo Odofin Lagos,"₦105,000,000",0 beds,0 baths,0 Toilets
114,4 BEDROOM TERRACE DUPLEX,Lekki Phase 1 Lekki Lagos,Not available,4 beds,4 baths,5 Toilets
115,Promo Price still selling @ 10m The Emperor Pillars FESTAC Town is selling Plots of Land N10m Per Plot,Festact Town in Amuwo Odofin Festac Amuwo Odofin Lagos,"₦10,000,000", beds, baths, Toilets
116,Land Two Plot Together fenced round,Behind ASPAMDA INTERNATIONAL TRADE FAIR MARKET Abule Ado Festac Amuwo Odofin Lagos,"₦50,000,000",0 beds,0 baths,0 Toilets
117,3767sqm Dry land,Festac Amuwo Odofin Lagos,"₦750,000,000", beds, baths, Toilets
118,Land ,6th Avenue Festac Amuwo Odofin Lagos,"₦15,000,000",0 beds,0 baths,0 Toilets
119,"10,000sqm Fenced & Gated Vacant Land Suitable for Estate Development, etc",Festac Amuwo Odofin Lagos,"₦650,000,000", beds, baths, Toilets
120,9 Acres of Land Plot Suitable for Commercial & Residential Developments ,2nd Gate Festac Amuwo Odofin Lagos,"₦1,800,000,000",0 beds,0 baths,0 Toilets
121,6 numbers of 3bedroom flat,Ago palace Festac Amuwo Odofin Lagos,"₦90,000,000",0 beds,0 baths,0 Toilets
122,Diamond Estate land Federal CofO,Festac Amuwo Odofin Lagos,"₦7,000,000", beds, baths, Toilets
123,Luxury Hotel Development,Festac Amuwo Odofin Lagos,"₦350,000,000", beds, baths, Toilets
124,BLOCK OF FLATS,Festac town. First Avenue 101 Festac Amuwo Odofin Lagos,"₦135,000,000", beds, baths, Toilets
125,Properties on a 2acres of land + an Extra 1 plot of land ,Festac town Festac Amuwo Odofin Lagos,"₦600,000,000",10 beds,10 baths,10 Toilets
126,A 2 bedroom flat ,Amuwo Odofin Housing Estate close to Shoprite Festac Amuwo Odofin Lagos,"₦26,000,000",2 beds,2 baths,2 Toilets
127,spacious 6 bedroom duplex on about 2000sqm ,Festac Amuwo Odofin Lagos,"₦310,000,000",6 beds,5 baths, Toilets
128,DUPLEX,Festac Amuwo Odofin Lagos,"₦140,000,000",0 beds,0 baths,0 Toilets
129,CORNER PIECE PLOT OF LAND,15th Avenue Festac Amuwo Odofin Lagos,"₦30,000,000",0 beds,0 baths,0 Toilets
130,Commercial land available,Very close to the beach Costal town Festac Amuwo Odofin Lagos,"₦250,000,000",0 beds,0 baths,0 Toilets
131,Spacious 5bdrm duplex with 2bdrm bq @3th Avenue Festac for 67m neg.,3rd avenue Festac Amuwo Odofin Lagos,"₦67,000,000/year",5 beds,5 baths,5 Toilets
132,"5 BEDROOM HOUSE T9 TYPE AT SECOND AVENUE, FESTAC, LAGOS",Festac Amuwo Odofin Lagos,"₦60,000,000",5 beds,4 baths,5 Toilets
133,Nation Gardens Estate,"6th Avenue, Billionaire's Quaters Festac Amuwo Odofin Lagos","₦3,800,000", beds, baths, Toilets
134,Functional school on one and half plot of Land ,Festac Amuwo Odofin Lagos,"₦105,000,000",0 beds,0 baths,0 Toilets
135,WELL BUILT 5 BEDROOM FULLY DETACHED HOUSE + BQ ,Parkview Estate Parkview Estate Ikoyi Lagos,Not available,5 beds,5 baths,6 Toilets
136,Promo Price still selling @ 10m The Emperor Pillars FESTAC Town is selling Plots of Land N10m Per Plot,Festact Town in Amuwo Odofin Festac Amuwo Odofin Lagos,"₦10,000,000", beds, baths, Toilets
137,Land Two Plot Together fenced round,Behind ASPAMDA INTERNATIONAL TRADE FAIR MARKET Abule Ado Festac Amuwo Odofin Lagos,"₦50,000,000",0 beds,0 baths,0 Toilets
138,3767sqm Dry land,Festac Amuwo Odofin Lagos,"₦750,000,000", beds, baths, Toilets
139,Land ,6th Avenue Festac Amuwo Odofin Lagos,"₦15,000,000",0 beds,0 baths,0 Toilets
140,"10,000sqm Fenced & Gated Vacant Land Suitable for Estate Development, etc",Festac Amuwo Odofin Lagos,"₦650,000,000", beds, baths, Toilets
141,9 Acres of Land Plot Suitable for Commercial & Residential Developments ,2nd Gate Festac Amuwo Odofin Lagos,"₦1,800,000,000",0 beds,0 baths,0 Toilets
142,6 numbers of 3bedroom flat,Ago palace Festac Amuwo Odofin Lagos,"₦90,000,000",0 beds,0 baths,0 Toilets
143,Diamond Estate land Federal CofO,Festac Amuwo Odofin Lagos,"₦7,000,000", beds, baths, Toilets
144,Luxury Hotel Development,Festac Amuwo Odofin Lagos,"₦350,000,000", beds, baths, Toilets
145,BLOCK OF FLATS,Festac town. First Avenue 101 Festac Amuwo Odofin Lagos,"₦135,000,000", beds, baths, Toilets
146,Properties on a 2acres of land + an Extra 1 plot of land ,Festac town Festac Amuwo Odofin Lagos,"₦600,000,000",10 beds,10 baths,10 Toilets
147,A 2 bedroom flat ,Amuwo Odofin Housing Estate close to Shoprite Festac Amuwo Odofin Lagos,"₦26,000,000",2 beds,2 baths,2 Toilets
148,spacious 6 bedroom duplex on about 2000sqm ,Festac Amuwo Odofin Lagos,"₦310,000,000",6 beds,5 baths, Toilets
149,DUPLEX,Festac Amuwo Odofin Lagos,"₦140,000,000",0 beds,0 baths,0 Toilets
150,CORNER PIECE PLOT OF LAND,15th Avenue Festac Amuwo Odofin Lagos,"₦30,000,000",0 beds,0 baths,0 Toilets
151,Commercial land available,Very close to the beach Costal town Festac Amuwo Odofin Lagos,"₦250,000,000",0 beds,0 baths,0 Toilets
152,Spacious 5bdrm duplex with 2bdrm bq @3th Avenue Festac for 67m neg.,3rd avenue Festac Amuwo Odofin Lagos,"₦67,000,000/year",5 beds,5 baths,5 Toilets
153,"5 BEDROOM HOUSE T9 TYPE AT SECOND AVENUE, FESTAC, LAGOS",Festac Amuwo Odofin Lagos,"₦60,000,000",5 beds,4 baths,5 Toilets
154,Nation Gardens Estate,"6th Avenue, Billionaire's Quaters Festac Amuwo Odofin Lagos","₦3,800,000", beds, baths, Toilets
155,Functional school on one and half plot of Land ,Festac Amuwo Odofin Lagos,"₦105,000,000",0 beds,0 baths,0 Toilets
156,3 bedroom Duplex ,Maryland Estate Badore Ajah Lagos,Not available,3 beds,3 baths,4 Toilets
157,Promo Price still selling @ 10m The Emperor Pillars FESTAC Town is selling Plots of Land N10m Per Plot,Festact Town in Amuwo Odofin Festac Amuwo Odofin Lagos,"₦10,000,000", beds, baths, Toilets
158,Land Two Plot Together fenced round,Behind ASPAMDA INTERNATIONAL TRADE FAIR MARKET Abule Ado Festac Amuwo Odofin Lagos,"₦50,000,000",0 beds,0 baths,0 Toilets
159,3767sqm Dry land,Festac Amuwo Odofin Lagos,"₦750,000,000", beds, baths, Toilets
160,Land ,6th Avenue Festac Amuwo Odofin Lagos,"₦15,000,000",0 beds,0 baths,0 Toilets
161,"10,000sqm Fenced & Gated Vacant Land Suitable for Estate Development, etc",Festac Amuwo Odofin Lagos,"₦650,000,000", beds, baths, Toilets
162,9 Acres of Land Plot Suitable for Commercial & Residential Developments ,2nd Gate Festac Amuwo Odofin Lagos,"₦1,800,000,000",0 beds,0 baths,0 Toilets
163,6 numbers of 3bedroom flat,Ago palace Festac Amuwo Odofin Lagos,"₦90,000,000",0 beds,0 baths,0 Toilets
164,Diamond Estate land Federal CofO,Festac Amuwo Odofin Lagos,"₦7,000,000", beds, baths, Toilets
165,Luxury Hotel Development,Festac Amuwo Odofin Lagos,"₦350,000,000", beds, baths, Toilets
166,BLOCK OF FLATS,Festac town. First Avenue 101 Festac Amuwo Odofin Lagos,"₦135,000,000", beds, baths, Toilets
167,Properties on a 2acres of land + an Extra 1 plot of land ,Festac town Festac Amuwo Odofin Lagos,"₦600,000,000",10 beds,10 baths,10 Toilets
168,A 2 bedroom flat ,Amuwo Odofin Housing Estate close to Shoprite Festac Amuwo Odofin Lagos,"₦26,000,000",2 beds,2 baths,2 Toilets
169,spacious 6 bedroom duplex on about 2000sqm ,Festac Amuwo Odofin Lagos,"₦310,000,000",6 beds,5 baths, Toilets
170,DUPLEX,Festac Amuwo Odofin Lagos,"₦140,000,000",0 beds,0 baths,0 Toilets
171,CORNER PIECE PLOT OF LAND,15th Avenue Festac Amuwo Odofin Lagos,"₦30,000,000",0 beds,0 baths,0 Toilets
172,Commercial land available,Very close to the beach Costal town Festac Amuwo Odofin Lagos,"₦250,000,000",0 beds,0 baths,0 Toilets
173,Spacious 5bdrm duplex with 2bdrm bq @3th Avenue Festac for 67m neg.,3rd avenue Festac Amuwo Odofin Lagos,"₦67,000,000/year",5 beds,5 baths,5 Toilets
174,"5 BEDROOM HOUSE T9 TYPE AT SECOND AVENUE, FESTAC, LAGOS",Festac Amuwo Odofin Lagos,"₦60,000,000",5 beds,4 baths,5 Toilets
175,Nation Gardens Estate,"6th Avenue, Billionaire's Quaters Festac Amuwo Odofin Lagos","₦3,800,000", beds, baths, Toilets
176,Functional school on one and half plot of Land ,Festac Amuwo Odofin Lagos,"₦105,000,000",0 beds,0 baths,0 Toilets
177,3 bedroom duplex in a private gated residential estate in Lekki. behind World Oil,"Graceville Estate, Hon Ajayi Alaba Street Ilasan Lekki Lagos",Not available,3 beds,4 baths,5 Toilets
178,Promo Price still selling @ 10m The Emperor Pillars FESTAC Town is selling Plots of Land N10m Per Plot,Festact Town in Amuwo Odofin Festac Amuwo Odofin Lagos,"₦10,000,000", beds, baths, Toilets
179,Land Two Plot Together fenced round,Behind ASPAMDA INTERNATIONAL TRADE FAIR MARKET Abule Ado Festac Amuwo Odofin Lagos,"₦50,000,000",0 beds,0 baths,0 Toilets
180,3767sqm Dry land,Festac Amuwo Odofin Lagos,"₦750,000,000", beds, baths, Toilets
181,Land ,6th Avenue Festac Amuwo Odofin Lagos,"₦15,000,000",0 beds,0 baths,0 Toilets
182,"10,000sqm Fenced & Gated Vacant Land Suitable for Estate Development, etc",Festac Amuwo Odofin Lagos,"₦650,000,000", beds, baths, Toilets
183,9 Acres of Land Plot Suitable for Commercial & Residential Developments ,2nd Gate Festac Amuwo Odofin Lagos,"₦1,800,000,000",0 beds,0 baths,0 Toilets
184,6 numbers of 3bedroom flat,Ago palace Festac Amuwo Odofin Lagos,"₦90,000,000",0 beds,0 baths,0 Toilets
185,Diamond Estate land Federal CofO,Festac Amuwo Odofin Lagos,"₦7,000,000", beds, baths, Toilets
186,Luxury Hotel Development,Festac Amuwo Odofin Lagos,"₦350,000,000", beds, baths, Toilets
187,BLOCK OF FLATS,Festac town. First Avenue 101 Festac Amuwo Odofin Lagos,"₦135,000,000", beds, baths, Toilets
188,Properties on a 2acres of land + an Extra 1 plot of land ,Festac town Festac Amuwo Odofin Lagos,"₦600,000,000",10 beds,10 baths,10 Toilets
189,A 2 bedroom flat ,Amuwo Odofin Housing Estate close to Shoprite Festac Amuwo Odofin Lagos,"₦26,000,000",2 beds,2 baths,2 Toilets
190,spacious 6 bedroom duplex on about 2000sqm ,Festac Amuwo Odofin Lagos,"₦310,000,000",6 beds,5 baths, Toilets
191,DUPLEX,Festac Amuwo Odofin Lagos,"₦140,000,000",0 beds,0 baths,0 Toilets
192,CORNER PIECE PLOT OF LAND,15th Avenue Festac Amuwo Odofin Lagos,"₦30,000,000",0 beds,0 baths,0 Toilets
193,Commercial land available,Very close to the beach Costal town Festac Amuwo Odofin Lagos,"₦250,000,000",0 beds,0 baths,0 Toilets
194,Spacious 5bdrm duplex with 2bdrm bq @3th Avenue Festac for 67m neg.,3rd avenue Festac Amuwo Odofin Lagos,"₦67,000,000/year",5 beds,5 baths,5 Toilets
195,"5 BEDROOM HOUSE T9 TYPE AT SECOND AVENUE, FESTAC, LAGOS",Festac Amuwo Odofin Lagos,"₦60,000,000",5 beds,4 baths,5 Toilets
196,Nation Gardens Estate,"6th Avenue, Billionaire's Quaters Festac Amuwo Odofin Lagos","₦3,800,000", beds, baths, Toilets
197,Functional school on one and half plot of Land ,Festac Amuwo Odofin Lagos,"₦105,000,000",0 beds,0 baths,0 Toilets
198,Fully Serviced 3 Bedroom Terrace with 1 BQ in a Serene Environment,"Behind Beachwood Estate, Lekki Epe Expressway Ibeju-Lekki Lagos",Not available,3 beds,4 baths,5 Toilets
199,Promo Price still selling @ 10m The Emperor Pillars FESTAC Town is selling Plots of Land N10m Per Plot,Festact Town in Amuwo Odofin Festac Amuwo Odofin Lagos,"₦10,000,000", beds, baths, Toilets
200,Land Two Plot Together fenced round,Behind ASPAMDA INTERNATIONAL TRADE FAIR MARKET Abule Ado Festac Amuwo Odofin Lagos,"₦50,000,000",0 beds,0 baths,0 Toilets
201,3767sqm Dry land,Festac Amuwo Odofin Lagos,"₦750,000,000", beds, baths, Toilets
202,Land ,6th Avenue Festac Amuwo Odofin Lagos,"₦15,000,000",0 beds,0 baths,0 Toilets
203,"10,000sqm Fenced & Gated Vacant Land Suitable for Estate Development, etc",Festac Amuwo Odofin Lagos,"₦650,000,000", beds, baths, Toilets
204,9 Acres of Land Plot Suitable for Commercial & Residential Developments ,2nd Gate Festac Amuwo Odofin Lagos,"₦1,800,000,000",0 beds,0 baths,0 Toilets
205,6 numbers of 3bedroom flat,Ago palace Festac Amuwo Odofin Lagos,"₦90,000,000",0 beds,0 baths,0 Toilets
206,Diamond Estate land Federal CofO,Festac Amuwo Odofin Lagos,"₦7,000,000", beds, baths, Toilets
207,Luxury Hotel Development,Festac Amuwo Odofin Lagos,"₦350,000,000", beds, baths, Toilets
208,BLOCK OF FLATS,Festac town. First Avenue 101 Festac Amuwo Odofin Lagos,"₦135,000,000", beds, baths, Toilets
209,Properties on a 2acres of land + an Extra 1 plot of land ,Festac town Festac Amuwo Odofin Lagos,"₦600,000,000",10 beds,10 baths,10 Toilets
210,A 2 bedroom flat ,Amuwo Odofin Housing Estate close to Shoprite Festac Amuwo Odofin Lagos,"₦26,000,000",2 beds,2 baths,2 Toilets
211,spacious 6 bedroom duplex on about 2000sqm ,Festac Amuwo Odofin Lagos,"₦310,000,000",6 beds,5 baths, Toilets
212,DUPLEX,Festac Amuwo Odofin Lagos,"₦140,000,000",0 beds,0 baths,0 Toilets
213,CORNER PIECE PLOT OF LAND,15th Avenue Festac Amuwo Odofin Lagos,"₦30,000,000",0 beds,0 baths,0 Toilets
214,Commercial land available,Very close to the beach Costal town Festac Amuwo Odofin Lagos,"₦250,000,000",0 beds,0 baths,0 Toilets
215,Spacious 5bdrm duplex with 2bdrm bq @3th Avenue Festac for 67m neg.,3rd avenue Festac Amuwo Odofin Lagos,"₦67,000,000/year",5 beds,5 baths,5 Toilets
216,"5 BEDROOM HOUSE T9 TYPE AT SECOND AVENUE, FESTAC, LAGOS",Festac Amuwo Odofin Lagos,"₦60,000,000",5 beds,4 baths,5 Toilets
217,Nation Gardens Estate,"6th Avenue, Billionaire's Quaters Festac Amuwo Odofin Lagos","₦3,800,000", beds, baths, Toilets
218,Functional school on one and half plot of Land ,Festac Amuwo Odofin Lagos,"₦105,000,000",0 beds,0 baths,0 Toilets
219,WATERFRONT 3 BEDROOM APARTMENT +BQ ,Banana Island Estate Banana Island Ikoyi Lagos,Not available,3 beds,3 baths,4 Toilets
220,Promo Price still selling @ 10m The Emperor Pillars FESTAC Town is selling Plots of Land N10m Per Plot,Festact Town in Amuwo Odofin Festac Amuwo Odofin Lagos,"₦10,000,000", beds, baths, Toilets
221,Land Two Plot Together fenced round,Behind ASPAMDA INTERNATIONAL TRADE FAIR MARKET Abule Ado Festac Amuwo Odofin Lagos,"₦50,000,000",0 beds,0 baths,0 Toilets
222,3767sqm Dry land,Festac Amuwo Odofin Lagos,"₦750,000,000", beds, baths, Toilets
223,Land ,6th Avenue Festac Amuwo Odofin Lagos,"₦15,000,000",0 beds,0 baths,0 Toilets
224,"10,000sqm Fenced & Gated Vacant Land Suitable for Estate Development, etc",Festac Amuwo Odofin Lagos,"₦650,000,000", beds, baths, Toilets
225,9 Acres of Land Plot Suitable for Commercial & Residential Developments ,2nd Gate Festac Amuwo Odofin Lagos,"₦1,800,000,000",0 beds,0 baths,0 Toilets
226,6 numbers of 3bedroom flat,Ago palace Festac Amuwo Odofin Lagos,"₦90,000,000",0 beds,0 baths,0 Toilets
227,Diamond Estate land Federal CofO,Festac Amuwo Odofin Lagos,"₦7,000,000", beds, baths, Toilets
228,Luxury Hotel Development,Festac Amuwo Odofin Lagos,"₦350,000,000", beds, baths, Toilets
229,BLOCK OF FLATS,Festac town. First Avenue 101 Festac Amuwo Odofin Lagos,"₦135,000,000", beds, baths, Toilets
230,Properties on a 2acres of land + an Extra 1 plot of land ,Festac town Festac Amuwo Odofin Lagos,"₦600,000,000",10 beds,10 baths,10 Toilets
231,A 2 bedroom flat ,Amuwo Odofin Housing Estate close to Shoprite Festac Amuwo Odofin Lagos,"₦26,000,000",2 beds,2 baths,2 Toilets
232,spacious 6 bedroom duplex on about 2000sqm ,Festac Amuwo Odofin Lagos,"₦310,000,000",6 beds,5 baths, Toilets
233,DUPLEX,Festac Amuwo Odofin Lagos,"₦140,000,000",0 beds,0 baths,0 Toilets
234,CORNER PIECE PLOT OF LAND,15th Avenue Festac Amuwo Odofin Lagos,"₦30,000,000",0 beds,0 baths,0 Toilets
235,Commercial land available,Very close to the beach Costal town Festac Amuwo Odofin Lagos,"₦250,000,000",0 beds,0 baths,0 Toilets
236,Spacious 5bdrm duplex with 2bdrm bq @3th Avenue Festac for 67m neg.,3rd avenue Festac Amuwo Odofin Lagos,"₦67,000,000/year",5 beds,5 baths,5 Toilets
237,"5 BEDROOM HOUSE T9 TYPE AT SECOND AVENUE, FESTAC, LAGOS",Festac Amuwo Odofin Lagos,"₦60,000,000",5 beds,4 baths,5 Toilets
238,Nation Gardens Estate,"6th Avenue, Billionaire's Quaters Festac Amuwo Odofin Lagos","₦3,800,000", beds, baths, Toilets
239,Functional school on one and half plot of Land ,Festac Amuwo Odofin Lagos,"₦105,000,000",0 beds,0 baths,0 Toilets
240,4 bedrooms Duplex + 2 bedrooms flat,"Alaba Street, Car Wash Bustop Oworo Oworonshoki Gbagada Lagos",Not available,4 beds,4 baths,5 Toilets
241,Promo Price still selling @ 10m The Emperor Pillars FESTAC Town is selling Plots of Land N10m Per Plot,Festact Town in Amuwo Odofin Festac Amuwo Odofin Lagos,"₦10,000,000", beds, baths, Toilets
242,Land Two Plot Together fenced round,Behind ASPAMDA INTERNATIONAL TRADE FAIR MARKET Abule Ado Festac Amuwo Odofin Lagos,"₦50,000,000",0 beds,0 baths,0 Toilets
243,3767sqm Dry land,Festac Amuwo Odofin Lagos,"₦750,000,000", beds, baths, Toilets
244,Land ,6th Avenue Festac Amuwo Odofin Lagos,"₦15,000,000",0 beds,0 baths,0 Toilets
245,"10,000sqm Fenced & Gated Vacant Land Suitable for Estate Development, etc",Festac Amuwo Odofin Lagos,"₦650,000,000", beds, baths, Toilets
246,9 Acres of Land Plot Suitable for Commercial & Residential Developments ,2nd Gate Festac Amuwo Odofin Lagos,"₦1,800,000,000",0 beds,0 baths,0 Toilets
247,6 numbers of 3bedroom flat,Ago palace Festac Amuwo Odofin Lagos,"₦90,000,000",0 beds,0 baths,0 Toilets
248,Diamond Estate land Federal CofO,Festac Amuwo Odofin Lagos,"₦7,000,000", beds, baths, Toilets
249,Luxury Hotel Development,Festac Amuwo Odofin Lagos,"₦350,000,000", beds, baths, Toilets
250,BLOCK OF FLATS,Festac town. First Avenue 101 Festac Amuwo Odofin Lagos,"₦135,000,000", beds, baths, Toilets
251,Properties on a 2acres of land + an Extra 1 plot of land ,Festac town Festac Amuwo Odofin Lagos,"₦600,000,000",10 beds,10 baths,10 Toilets
252,A 2 bedroom flat ,Amuwo Odofin Housing Estate close to Shoprite Festac Amuwo Odofin Lagos,"₦26,000,000",2 beds,2 baths,2 Toilets
253,spacious 6 bedroom duplex on about 2000sqm ,Festac Amuwo Odofin Lagos,"₦310,000,000",6 beds,5 baths, Toilets
254,DUPLEX,Festac Amuwo Odofin Lagos,"₦140,000,000",0 beds,0 baths,0 Toilets
255,CORNER PIECE PLOT OF LAND,15th Avenue Festac Amuwo Odofin Lagos,"₦30,000,000",0 beds,0 baths,0 Toilets
256,Commercial land available,Very close to the beach Costal town Festac Amuwo Odofin Lagos,"₦250,000,000",0 beds,0 baths,0 Toilets
257,Spacious 5bdrm duplex with 2bdrm bq @3th Avenue Festac for 67m neg.,3rd avenue Festac Amuwo Odofin Lagos,"₦67,000,000/year",5 beds,5 baths,5 Toilets
258,"5 BEDROOM HOUSE T9 TYPE AT SECOND AVENUE, FESTAC, LAGOS",Festac Amuwo Odofin Lagos,"₦60,000,000",5 beds,4 baths,5 Toilets
259,Nation Gardens Estate,"6th Avenue, Billionaire's Quaters Festac Amuwo Odofin Lagos","₦3,800,000", beds, baths, Toilets
260,Functional school on one and half plot of Land ,Festac Amuwo Odofin Lagos,"₦105,000,000",0 beds,0 baths,0 Toilets
261,4 Hectares of Farm House for Sale,Gberigbe Town Ijede Ikorodu Lagos,Not available, beds, baths, Toilets
262,Promo Price still selling @ 10m The Emperor Pillars FESTAC Town is selling Plots of Land N10m Per Plot,Festact Town in Amuwo Odofin Festac Amuwo Odofin Lagos,"₦10,000,000", beds, baths, Toilets
263,Land Two Plot Together fenced round,Behind ASPAMDA INTERNATIONAL TRADE FAIR MARKET Abule Ado Festac Amuwo Odofin Lagos,"₦50,000,000",0 beds,0 baths,0 Toilets
264,3767sqm Dry land,Festac Amuwo Odofin Lagos,"₦750,000,000", beds, baths, Toilets
265,Land ,6th Avenue Festac Amuwo Odofin Lagos,"₦15,000,000",0 beds,0 baths,0 Toilets
266,"10,000sqm Fenced & Gated Vacant Land Suitable for Estate Development, etc",Festac Amuwo Odofin Lagos,"₦650,000,000", beds, baths, Toilets
267,9 Acres of Land Plot Suitable for Commercial & Residential Developments ,2nd Gate Festac Amuwo Odofin Lagos,"₦1,800,000,000",0 beds,0 baths,0 Toilets
268,6 numbers of 3bedroom flat,Ago palace Festac Amuwo Odofin Lagos,"₦90,000,000",0 beds,0 baths,0 Toilets
269,Diamond Estate land Federal CofO,Festac Amuwo Odofin Lagos,"₦7,000,000", beds, baths, Toilets
270,Luxury Hotel Development,Festac Amuwo Odofin Lagos,"₦350,000,000", beds, baths, Toilets
271,BLOCK OF FLATS,Festac town. First Avenue 101 Festac Amuwo Odofin Lagos,"₦135,000,000", beds, baths, Toilets
272,Properties on a 2acres of land + an Extra 1 plot of land ,Festac town Festac Amuwo Odofin Lagos,"₦600,000,000",10 beds,10 baths,10 Toilets
273,A 2 bedroom flat ,Amuwo Odofin Housing Estate close to Shoprite Festac Amuwo Odofin Lagos,"₦26,000,000",2 beds,2 baths,2 Toilets
274,spacious 6 bedroom duplex on about 2000sqm ,Festac Amuwo Odofin Lagos,"₦310,000,000",6 beds,5 baths, Toilets
275,DUPLEX,Festac Amuwo Odofin Lagos,"₦140,000,000",0 beds,0 baths,0 Toilets
276,CORNER PIECE PLOT OF LAND,15th Avenue Festac Amuwo Odofin Lagos,"₦30,000,000",0 beds,0 baths,0 Toilets
277,Commercial land available,Very close to the beach Costal town Festac Amuwo Odofin Lagos,"₦250,000,000",0 beds,0 baths,0 Toilets
278,Spacious 5bdrm duplex with 2bdrm bq @3th Avenue Festac for 67m neg.,3rd avenue Festac Amuwo Odofin Lagos,"₦67,000,000/year",5 beds,5 baths,5 Toilets
279,"5 BEDROOM HOUSE T9 TYPE AT SECOND AVENUE, FESTAC, LAGOS",Festac Amuwo Odofin Lagos,"₦60,000,000",5 beds,4 baths,5 Toilets
280,Nation Gardens Estate,"6th Avenue, Billionaire's Quaters Festac Amuwo Odofin Lagos","₦3,800,000", beds, baths, Toilets
281,Functional school on one and half plot of Land ,Festac Amuwo Odofin Lagos,"₦105,000,000",0 beds,0 baths,0 Toilets
282,Lavishly Built 5 Bedroom Detached House ,"Cooper Road, Old Ikoyi Ikoyi Lagos",Not available,5 beds,5 baths,6 Toilets
283,Promo Price still selling @ 10m The Emperor Pillars FESTAC Town is selling Plots of Land N10m Per Plot,Festact Town in Amuwo Odofin Festac Amuwo Odofin Lagos,"₦10,000,000", beds, baths, Toilets
284,Land Two Plot Together fenced round,Behind ASPAMDA INTERNATIONAL TRADE FAIR MARKET Abule Ado Festac Amuwo Odofin Lagos,"₦50,000,000",0 beds,0 baths,0 Toilets
285,3767sqm Dry land,Festac Amuwo Odofin Lagos,"₦750,000,000", beds, baths, Toilets
286,Land ,6th Avenue Festac Amuwo Odofin Lagos,"₦15,000,000",0 beds,0 baths,0 Toilets
287,"10,000sqm Fenced & Gated Vacant Land Suitable for Estate Development, etc",Festac Amuwo Odofin Lagos,"₦650,000,000", beds, baths, Toilets
288,9 Acres of Land Plot Suitable for Commercial & Residential Developments ,2nd Gate Festac Amuwo Odofin Lagos,"₦1,800,000,000",0 beds,0 baths,0 Toilets
289,6 numbers of 3bedroom flat,Ago palace Festac Amuwo Odofin Lagos,"₦90,000,000",0 beds,0 baths,0 Toilets
290,Diamond Estate land Federal CofO,Festac Amuwo Odofin Lagos,"₦7,000,000", beds, baths, Toilets
291,Luxury Hotel Development,Festac Amuwo Odofin Lagos,"₦350,000,000", beds, baths, Toilets
292,BLOCK OF FLATS,Festac town. First Avenue 101 Festac Amuwo Odofin Lagos,"₦135,000,000", beds, baths, Toilets
293,Properties on a 2acres of land + an Extra 1 plot of land ,Festac town Festac Amuwo Odofin Lagos,"₦600,000,000",10 beds,10 baths,10 Toilets
294,A 2 bedroom flat ,Amuwo Odofin Housing Estate close to Shoprite Festac Amuwo Odofin Lagos,"₦26,000,000",2 beds,2 baths,2 Toilets
295,spacious 6 bedroom duplex on about 2000sqm ,Festac Amuwo Odofin Lagos,"₦310,000,000",6 beds,5 baths, Toilets
296,DUPLEX,Festac Amuwo Odofin Lagos,"₦140,000,000",0 beds,0 baths,0 Toilets
297,CORNER PIECE PLOT OF LAND,15th Avenue Festac Amuwo Odofin Lagos,"₦30,000,000",0 beds,0 baths,0 Toilets
298,Commercial land available,Very close to the beach Costal town Festac Amuwo Odofin Lagos,"₦250,000,000",0 beds,0 baths,0 Toilets
299,Spacious 5bdrm duplex with 2bdrm bq @3th Avenue Festac for 67m neg.,3rd avenue Festac Amuwo Odofin Lagos,"₦67,000,000/year",5 beds,5 baths,5 Toilets
300,"5 BEDROOM HOUSE T9 TYPE AT SECOND AVENUE, FESTAC, LAGOS",Festac Amuwo Odofin Lagos,"₦60,000,000",5 beds,4 baths,5 Toilets
301,Nation Gardens Estate,"6th Avenue, Billionaire's Quaters Festac Amuwo Odofin Lagos","₦3,800,000", beds, baths, Toilets
302,Functional school on one and half plot of Land ,Festac Amuwo Odofin Lagos,"₦105,000,000",0 beds,0 baths,0 Toilets
303,Fully Furnished & Serviced 4 Bedroom Semi Detached Duplex,Brains & Hammers Estate Life Camp Abuja,Not available,4 beds,5 baths,5 Toilets
304,Promo Price still selling @ 10m The Emperor Pillars FESTAC Town is selling Plots of Land N10m Per Plot,Festact Town in Amuwo Odofin Festac Amuwo Odofin Lagos,"₦10,000,000", beds, baths, Toilets
305,Land Two Plot Together fenced round,Behind ASPAMDA INTERNATIONAL TRADE FAIR MARKET Abule Ado Festac Amuwo Odofin Lagos,"₦50,000,000",0 beds,0 baths,0 Toilets
306,3767sqm Dry land,Festac Amuwo Odofin Lagos,"₦750,000,000", beds, baths, Toilets
307,Land ,6th Avenue Festac Amuwo Odofin Lagos,"₦15,000,000",0 beds,0 baths,0 Toilets
308,"10,000sqm Fenced & Gated Vacant Land Suitable for Estate Development, etc",Festac Amuwo Odofin Lagos,"₦650,000,000", beds, baths, Toilets
309,9 Acres of Land Plot Suitable for Commercial & Residential Developments ,2nd Gate Festac Amuwo Odofin Lagos,"₦1,800,000,000",0 beds,0 baths,0 Toilets
310,6 numbers of 3bedroom flat,Ago palace Festac Amuwo Odofin Lagos,"₦90,000,000",0 beds,0 baths,0 Toilets
311,Diamond Estate land Federal CofO,Festac Amuwo Odofin Lagos,"₦7,000,000", beds, baths, Toilets
312,Luxury Hotel Development,Festac Amuwo Odofin Lagos,"₦350,000,000", beds, baths, Toilets
313,BLOCK OF FLATS,Festac town. First Avenue 101 Festac Amuwo Odofin Lagos,"₦135,000,000", beds, baths, Toilets
314,Properties on a 2acres of land + an Extra 1 plot of land ,Festac town Festac Amuwo Odofin Lagos,"₦600,000,000",10 beds,10 baths,10 Toilets
315,A 2 bedroom flat ,Amuwo Odofin Housing Estate close to Shoprite Festac Amuwo Odofin Lagos,"₦26,000,000",2 beds,2 baths,2 Toilets
316,spacious 6 bedroom duplex on about 2000sqm ,Festac Amuwo Odofin Lagos,"₦310,000,000",6 beds,5 baths, Toilets
317,DUPLEX,Festac Amuwo Odofin Lagos,"₦140,000,000",0 beds,0 baths,0 Toilets
318,CORNER PIECE PLOT OF LAND,15th Avenue Festac Amuwo Odofin Lagos,"₦30,000,000",0 beds,0 baths,0 Toilets
319,Commercial land available,Very close to the beach Costal town Festac Amuwo Odofin Lagos,"₦250,000,000",0 beds,0 baths,0 Toilets
320,Spacious 5bdrm duplex with 2bdrm bq @3th Avenue Festac for 67m neg.,3rd avenue Festac Amuwo Odofin Lagos,"₦67,000,000/year",5 beds,5 baths,5 Toilets
321,"5 BEDROOM HOUSE T9 TYPE AT SECOND AVENUE, FESTAC, LAGOS",Festac Amuwo Odofin Lagos,"₦60,000,000",5 beds,4 baths,5 Toilets
322,Nation Gardens Estate,"6th Avenue, Billionaire's Quaters Festac Amuwo Odofin Lagos","₦3,800,000", beds, baths, Toilets
323,Functional school on one and half plot of Land ,Festac Amuwo Odofin Lagos,"₦105,000,000",0 beds,0 baths,0 Toilets
324,DRY LAND WITH C OF O,Gracias Morganite Ibeju-Lekki Lagos,Not available,0 beds,0 baths,0 Toilets
325,Promo Price still selling @ 10m The Emperor Pillars FESTAC Town is selling Plots of Land N10m Per Plot,Festact Town in Amuwo Odofin Festac Amuwo Odofin Lagos,"₦10,000,000", beds, baths, Toilets
326,Land Two Plot Together fenced round,Behind ASPAMDA INTERNATIONAL TRADE FAIR MARKET Abule Ado Festac Amuwo Odofin Lagos,"₦50,000,000",0 beds,0 baths,0 Toilets
327,3767sqm Dry land,Festac Amuwo Odofin Lagos,"₦750,000,000", beds, baths, Toilets
328,Land ,6th Avenue Festac Amuwo Odofin Lagos,"₦15,000,000",0 beds,0 baths,0 Toilets
329,"10,000sqm Fenced & Gated Vacant Land Suitable for Estate Development, etc",Festac Amuwo Odofin Lagos,"₦650,000,000", beds, baths, Toilets
330,9 Acres of Land Plot Suitable for Commercial & Residential Developments ,2nd Gate Festac Amuwo Odofin Lagos,"₦1,800,000,000",0 beds,0 baths,0 Toilets
331,6 numbers of 3bedroom flat,Ago palace Festac Amuwo Odofin Lagos,"₦90,000,000",0 beds,0 baths,0 Toilets
332,Diamond Estate land Federal CofO,Festac Amuwo Odofin Lagos,"₦7,000,000", beds, baths, Toilets
333,Luxury Hotel Development,Festac Amuwo Odofin Lagos,"₦350,000,000", beds, baths, Toilets
334,BLOCK OF FLATS,Festac town. First Avenue 101 Festac Amuwo Odofin Lagos,"₦135,000,000", beds, baths, Toilets
335,Properties on a 2acres of land + an Extra 1 plot of land ,Festac town Festac Amuwo Odofin Lagos,"₦600,000,000",10 beds,10 baths,10 Toilets
336,A 2 bedroom flat ,Amuwo Odofin Housing Estate close to Shoprite Festac Amuwo Odofin Lagos,"₦26,000,000",2 beds,2 baths,2 Toilets
337,spacious 6 bedroom duplex on about 2000sqm ,Festac Amuwo Odofin Lagos,"₦310,000,000",6 beds,5 baths, Toilets
338,DUPLEX,Festac Amuwo Odofin Lagos,"₦140,000,000",0 beds,0 baths,0 Toilets
339,CORNER PIECE PLOT OF LAND,15th Avenue Festac Amuwo Odofin Lagos,"₦30,000,000",0 beds,0 baths,0 Toilets
340,Commercial land available,Very close to the beach Costal town Festac Amuwo Odofin Lagos,"₦250,000,000",0 beds,0 baths,0 Toilets
341,Spacious 5bdrm duplex with 2bdrm bq @3th Avenue Festac for 67m neg.,3rd avenue Festac Amuwo Odofin Lagos,"₦67,000,000/year",5 beds,5 baths,5 Toilets
342,"5 BEDROOM HOUSE T9 TYPE AT SECOND AVENUE, FESTAC, LAGOS",Festac Amuwo Odofin Lagos,"₦60,000,000",5 beds,4 baths,5 Toilets
343,Nation Gardens Estate,"6th Avenue, Billionaire's Quaters Festac Amuwo Odofin Lagos","₦3,800,000", beds, baths, Toilets
344,Functional school on one and half plot of Land ,Festac Amuwo Odofin Lagos,"₦105,000,000",0 beds,0 baths,0 Toilets
345,Well Finished 5 Bedroom Detached Duplex with Bq ,Megamound Estate Ikota Lekki Lagos,Not available,5 beds,6 baths,7 Toilets
346,Promo Price still selling @ 10m The Emperor Pillars FESTAC Town is selling Plots of Land N10m Per Plot,Festact Town in Amuwo Odofin Festac Amuwo Odofin Lagos,"₦10,000,000", beds, baths, Toilets
347,Land Two Plot Together fenced round,Behind ASPAMDA INTERNATIONAL TRADE FAIR MARKET Abule Ado Festac Amuwo Odofin Lagos,"₦50,000,000",0 beds,0 baths,0 Toilets
348,3767sqm Dry land,Festac Amuwo Odofin Lagos,"₦750,000,000", beds, baths, Toilets
349,Land ,6th Avenue Festac Amuwo Odofin Lagos,"₦15,000,000",0 beds,0 baths,0 Toilets
350,"10,000sqm Fenced & Gated Vacant Land Suitable for Estate Development, etc",Festac Amuwo Odofin Lagos,"₦650,000,000", beds, baths, Toilets
351,9 Acres of Land Plot Suitable for Commercial & Residential Developments ,2nd Gate Festac Amuwo Odofin Lagos,"₦1,800,000,000",0 beds,0 baths,0 Toilets
352,6 numbers of 3bedroom flat,Ago palace Festac Amuwo Odofin Lagos,"₦90,000,000",0 beds,0 baths,0 Toilets
353,Diamond Estate land Federal CofO,Festac Amuwo Odofin Lagos,"₦7,000,000", beds, baths, Toilets
354,Luxury Hotel Development,Festac Amuwo Odofin Lagos,"₦350,000,000", beds, baths, Toilets
355,BLOCK OF FLATS,Festac town. First Avenue 101 Festac Amuwo Odofin Lagos,"₦135,000,000", beds, baths, Toilets
356,Properties on a 2acres of land + an Extra 1 plot of land ,Festac town Festac Amuwo Odofin Lagos,"₦600,000,000",10 beds,10 baths,10 Toilets
357,A 2 bedroom flat ,Amuwo Odofin Housing Estate close to Shoprite Festac Amuwo Odofin Lagos,"₦26,000,000",2 beds,2 baths,2 Toilets
358,spacious 6 bedroom duplex on about 2000sqm ,Festac Amuwo Odofin Lagos,"₦310,000,000",6 beds,5 baths, Toilets
359,DUPLEX,Festac Amuwo Odofin Lagos,"₦140,000,000",0 beds,0 baths,0 Toilets
360,CORNER PIECE PLOT OF LAND,15th Avenue Festac Amuwo Odofin Lagos,"₦30,000,000",0 beds,0 baths,0 Toilets
361,Commercial land available,Very close to the beach Costal town Festac Amuwo Odofin Lagos,"₦250,000,000",0 beds,0 baths,0 Toilets
362,Spacious 5bdrm duplex with 2bdrm bq @3th Avenue Festac for 67m neg.,3rd avenue Festac Amuwo Odofin Lagos,"₦67,000,000/year",5 beds,5 baths,5 Toilets
363,"5 BEDROOM HOUSE T9 TYPE AT SECOND AVENUE, FESTAC, LAGOS",Festac Amuwo Odofin Lagos,"₦60,000,000",5 beds,4 baths,5 Toilets
364,Nation Gardens Estate,"6th Avenue, Billionaire's Quaters Festac Amuwo Odofin Lagos","₦3,800,000", beds, baths, Toilets
365,Functional school on one and half plot of Land ,Festac Amuwo Odofin Lagos,"₦105,000,000",0 beds,0 baths,0 Toilets
366,Gionna Apartments (2 bedroom Apartments) ,Sangotedo Lagos,Not available,2 beds,0 baths,0 Toilets
367,Promo Price still selling @ 10m The Emperor Pillars FESTAC Town is selling Plots of Land N10m Per Plot,Festact Town in Amuwo Odofin Festac Amuwo Odofin Lagos,"₦10,000,000", beds, baths, Toilets
368,Land Two Plot Together fenced round,Behind ASPAMDA INTERNATIONAL TRADE FAIR MARKET Abule Ado Festac Amuwo Odofin Lagos,"₦50,000,000",0 beds,0 baths,0 Toilets
369,3767sqm Dry land,Festac Amuwo Odofin Lagos,"₦750,000,000", beds, baths, Toilets
370,Land ,6th Avenue Festac Amuwo Odofin Lagos,"₦15,000,000",0 beds,0 baths,0 Toilets
371,"10,000sqm Fenced & Gated Vacant Land Suitable for Estate Development, etc",Festac Amuwo Odofin Lagos,"₦650,000,000", beds, baths, Toilets
372,9 Acres of Land Plot Suitable for Commercial & Residential Developments ,2nd Gate Festac Amuwo Odofin Lagos,"₦1,800,000,000",0 beds,0 baths,0 Toilets
373,6 numbers of 3bedroom flat,Ago palace Festac Amuwo Odofin Lagos,"₦90,000,000",0 beds,0 baths,0 Toilets
374,Diamond Estate land Federal CofO,Festac Amuwo Odofin Lagos,"₦7,000,000", beds, baths, Toilets
375,Luxury Hotel Development,Festac Amuwo Odofin Lagos,"₦350,000,000", beds, baths, Toilets
376,BLOCK OF FLATS,Festac town. First Avenue 101 Festac Amuwo Odofin Lagos,"₦135,000,000", beds, baths, Toilets
377,Properties on a 2acres of land + an Extra 1 plot of land ,Festac town Festac Amuwo Odofin Lagos,"₦600,000,000",10 beds,10 baths,10 Toilets
378,A 2 bedroom flat ,Amuwo Odofin Housing Estate close to Shoprite Festac Amuwo Odofin Lagos,"₦26,000,000",2 beds,2 baths,2 Toilets
379,spacious 6 bedroom duplex on about 2000sqm ,Festac Amuwo Odofin Lagos,"₦310,000,000",6 beds,5 baths, Toilets
380,DUPLEX,Festac Amuwo Odofin Lagos,"₦140,000,000",0 beds,0 baths,0 Toilets
381,CORNER PIECE PLOT OF LAND,15th Avenue Festac Amuwo Odofin Lagos,"₦30,000,000",0 beds,0 baths,0 Toilets
382,Commercial land available,Very close to the beach Costal town Festac Amuwo Odofin Lagos,"₦250,000,000",0 beds,0 baths,0 Toilets
383,Spacious 5bdrm duplex with 2bdrm bq @3th Avenue Festac for 67m neg.,3rd avenue Festac Amuwo Odofin Lagos,"₦67,000,000/year",5 beds,5 baths,5 Toilets
384,"5 BEDROOM HOUSE T9 TYPE AT SECOND AVENUE, FESTAC, LAGOS",Festac Amuwo Odofin Lagos,"₦60,000,000",5 beds,4 baths,5 Toilets
385,Nation Gardens Estate,"6th Avenue, Billionaire's Quaters Festac Amuwo Odofin Lagos","₦3,800,000", beds, baths, Toilets
386,Functional school on one and half plot of Land ,Festac Amuwo Odofin Lagos,"₦105,000,000",0 beds,0 baths,0 Toilets
387,Newly Built Two Bedroom Apartment ,Agungi Lekki Lagos,Not available,2 beds,2 baths,3 Toilets
388,Promo Price still selling @ 10m The Emperor Pillars FESTAC Town is selling Plots of Land N10m Per Plot,Festact Town in Amuwo Odofin Festac Amuwo Odofin Lagos,"₦10,000,000", beds, baths, Toilets
389,Land Two Plot Together fenced round,Behind ASPAMDA INTERNATIONAL TRADE FAIR MARKET Abule Ado Festac Amuwo Odofin Lagos,"₦50,000,000",0 beds,0 baths,0 Toilets
390,3767sqm Dry land,Festac Amuwo Odofin Lagos,"₦750,000,000", beds, baths, Toilets
391,Land ,6th Avenue Festac Amuwo Odofin Lagos,"₦15,000,000",0 beds,0 baths,0 Toilets
392,"10,000sqm Fenced & Gated Vacant Land Suitable for Estate Development, etc",Festac Amuwo Odofin Lagos,"₦650,000,000", beds, baths, Toilets
393,9 Acres of Land Plot Suitable for Commercial & Residential Developments ,2nd Gate Festac Amuwo Odofin Lagos,"₦1,800,000,000",0 beds,0 baths,0 Toilets
394,6 numbers of 3bedroom flat,Ago palace Festac Amuwo Odofin Lagos,"₦90,000,000",0 beds,0 baths,0 Toilets
395,Diamond Estate land Federal CofO,Festac Amuwo Odofin Lagos,"₦7,000,000", beds, baths, Toilets
396,Luxury Hotel Development,Festac Amuwo Odofin Lagos,"₦350,000,000", beds, baths, Toilets
397,BLOCK OF FLATS,Festac town. First Avenue 101 Festac Amuwo Odofin Lagos,"₦135,000,000", beds, baths, Toilets
398,Properties on a 2acres of land + an Extra 1 plot of land ,Festac town Festac Amuwo Odofin Lagos,"₦600,000,000",10 beds,10 baths,10 Toilets
399,A 2 bedroom flat ,Amuwo Odofin Housing Estate close to Shoprite Festac Amuwo Odofin Lagos,"₦26,000,000",2 beds,2 baths,2 Toilets
400,spacious 6 bedroom duplex on about 2000sqm ,Festac Amuwo Odofin Lagos,"₦310,000,000",6 beds,5 baths, Toilets
401,DUPLEX,Festac Amuwo Odofin Lagos,"₦140,000,000",0 beds,0 baths,0 Toilets
402,CORNER PIECE PLOT OF LAND,15th Avenue Festac Amuwo Odofin Lagos,"₦30,000,000",0 beds,0 baths,0 Toilets
403,Commercial land available,Very close to the beach Costal town Festac Amuwo Odofin Lagos,"₦250,000,000",0 beds,0 baths,0 Toilets
404,Spacious 5bdrm duplex with 2bdrm bq @3th Avenue Festac for 67m neg.,3rd avenue Festac Amuwo Odofin Lagos,"₦67,000,000/year",5 beds,5 baths,5 Toilets
405,"5 BEDROOM HOUSE T9 TYPE AT SECOND AVENUE, FESTAC, LAGOS",Festac Amuwo Odofin Lagos,"₦60,000,000",5 beds,4 baths,5 Toilets
406,Nation Gardens Estate,"6th Avenue, Billionaire's Quaters Festac Amuwo Odofin Lagos","₦3,800,000", beds, baths, Toilets
407,Functional school on one and half plot of Land ,Festac Amuwo Odofin Lagos,"₦105,000,000",0 beds,0 baths,0 Toilets
408,Luxury 2 bedroom Apartment , Lagos Island Lagos Island Lagos,Not available,2 beds,2 baths,3 Toilets
409,Promo Price still selling @ 10m The Emperor Pillars FESTAC Town is selling Plots of Land N10m Per Plot,Festact Town in Amuwo Odofin Festac Amuwo Odofin Lagos,"₦10,000,000", beds, baths, Toilets
410,Land Two Plot Together fenced round,Behind ASPAMDA INTERNATIONAL TRADE FAIR MARKET Abule Ado Festac Amuwo Odofin Lagos,"₦50,000,000",0 beds,0 baths,0 Toilets
411,3767sqm Dry land,Festac Amuwo Odofin Lagos,"₦750,000,000", beds, baths, Toilets
412,Land ,6th Avenue Festac Amuwo Odofin Lagos,"₦15,000,000",0 beds,0 baths,0 Toilets
413,"10,000sqm Fenced & Gated Vacant Land Suitable for Estate Development, etc",Festac Amuwo Odofin Lagos,"₦650,000,000", beds, baths, Toilets
414,9 Acres of Land Plot Suitable for Commercial & Residential Developments ,2nd Gate Festac Amuwo Odofin Lagos,"₦1,800,000,000",0 beds,0 baths,0 Toilets
415,6 numbers of 3bedroom flat,Ago palace Festac Amuwo Odofin Lagos,"₦90,000,000",0 beds,0 baths,0 Toilets
416,Diamond Estate land Federal CofO,Festac Amuwo Odofin Lagos,"₦7,000,000", beds, baths, Toilets
417,Luxury Hotel Development,Festac Amuwo Odofin Lagos,"₦350,000,000", beds, baths, Toilets
418,BLOCK OF FLATS,Festac town. First Avenue 101 Festac Amuwo Odofin Lagos,"₦135,000,000", beds, baths, Toilets
419,Properties on a 2acres of land + an Extra 1 plot of land ,Festac town Festac Amuwo Odofin Lagos,"₦600,000,000",10 beds,10 baths,10 Toilets
420,A 2 bedroom flat ,Amuwo Odofin Housing Estate close to Shoprite Festac Amuwo Odofin Lagos,"₦26,000,000",2 beds,2 baths,2 Toilets
421,spacious 6 bedroom duplex on about 2000sqm ,Festac Amuwo Odofin Lagos,"₦310,000,000",6 beds,5 baths, Toilets
422,DUPLEX,Festac Amuwo Odofin Lagos,"₦140,000,000",0 beds,0 baths,0 Toilets
423,CORNER PIECE PLOT OF LAND,15th Avenue Festac Amuwo Odofin Lagos,"₦30,000,000",0 beds,0 baths,0 Toilets
424,Commercial land available,Very close to the beach Costal town Festac Amuwo Odofin Lagos,"₦250,000,000",0 beds,0 baths,0 Toilets
425,Spacious 5bdrm duplex with 2bdrm bq @3th Avenue Festac for 67m neg.,3rd avenue Festac Amuwo Odofin Lagos,"₦67,000,000/year",5 beds,5 baths,5 Toilets
426,"5 BEDROOM HOUSE T9 TYPE AT SECOND AVENUE, FESTAC, LAGOS",Festac Amuwo Odofin Lagos,"₦60,000,000",5 beds,4 baths,5 Toilets
427,Nation Gardens Estate,"6th Avenue, Billionaire's Quaters Festac Amuwo Odofin Lagos","₦3,800,000", beds, baths, Toilets
428,Functional school on one and half plot of Land ,Festac Amuwo Odofin Lagos,"₦105,000,000",0 beds,0 baths,0 Toilets
429,Gionna Apartments (2 bedroom Apartments) ,Sangotedo Lagos,Not available,2 beds,0 baths,0 Toilets
430,Promo Price still selling @ 10m The Emperor Pillars FESTAC Town is selling Plots of Land N10m Per Plot,Festact Town in Amuwo Odofin Festac Amuwo Odofin Lagos,"₦10,000,000", beds, baths, Toilets
431,Land Two Plot Together fenced round,Behind ASPAMDA INTERNATIONAL TRADE FAIR MARKET Abule Ado Festac Amuwo Odofin Lagos,"₦50,000,000",0 beds,0 baths,0 Toilets
432,3767sqm Dry land,Festac Amuwo Odofin Lagos,"₦750,000,000", beds, baths, Toilets
433,Land ,6th Avenue Festac Amuwo Odofin Lagos,"₦15,000,000",0 beds,0 baths,0 Toilets
434,"10,000sqm Fenced & Gated Vacant Land Suitable for Estate Development, etc",Festac Amuwo Odofin Lagos,"₦650,000,000", beds, baths, Toilets
435,9 Acres of Land Plot Suitable for Commercial & Residential Developments ,2nd Gate Festac Amuwo Odofin Lagos,"₦1,800,000,000",0 beds,0 baths,0 Toilets
436,6 numbers of 3bedroom flat,Ago palace Festac Amuwo Odofin Lagos,"₦90,000,000",0 beds,0 baths,0 Toilets
437,Diamond Estate land Federal CofO,Festac Amuwo Odofin Lagos,"₦7,000,000", beds, baths, Toilets
438,Luxury Hotel Development,Festac Amuwo Odofin Lagos,"₦350,000,000", beds, baths, Toilets
439,BLOCK OF FLATS,Festac town. First Avenue 101 Festac Amuwo Odofin Lagos,"₦135,000,000", beds, baths, Toilets
440,Properties on a 2acres of land + an Extra 1 plot of land ,Festac town Festac Amuwo Odofin Lagos,"₦600,000,000",10 beds,10 baths,10 Toilets
441,A 2 bedroom flat ,Amuwo Odofin Housing Estate close to Shoprite Festac Amuwo Odofin Lagos,"₦26,000,000",2 beds,2 baths,2 Toilets
442,spacious 6 bedroom duplex on about 2000sqm ,Festac Amuwo Odofin Lagos,"₦310,000,000",6 beds,5 baths, Toilets
443,DUPLEX,Festac Amuwo Odofin Lagos,"₦140,000,000",0 beds,0 baths,0 Toilets
444,CORNER PIECE PLOT OF LAND,15th Avenue Festac Amuwo Odofin Lagos,"₦30,000,000",0 beds,0 baths,0 Toilets
445,Commercial land available,Very close to the beach Costal town Festac Amuwo Odofin Lagos,"₦250,000,000",0 beds,0 baths,0 Toilets
446,Spacious 5bdrm duplex with 2bdrm bq @3th Avenue Festac for 67m neg.,3rd avenue Festac Amuwo Odofin Lagos,"₦67,000,000/year",5 beds,5 baths,5 Toilets
447,"5 BEDROOM HOUSE T9 TYPE AT SECOND AVENUE, FESTAC, LAGOS",Festac Amuwo Odofin Lagos,"₦60,000,000",5 beds,4 baths,5 Toilets
448,Nation Gardens Estate,"6th Avenue, Billionaire's Quaters Festac Amuwo Odofin Lagos","₦3,800,000", beds, baths, Toilets
449,Functional school on one and half plot of Land ,Festac Amuwo Odofin Lagos,"₦105,000,000",0 beds,0 baths,0 Toilets
450,4 bedrooms Duplex + 2 bedrooms flat,"Alaba Street, Car Wash Bustop Oworo Oworonshoki Gbagada Lagos",Not available,4 beds,4 baths,5 Toilets
451,Promo Price still selling @ 10m The Emperor Pillars FESTAC Town is selling Plots of Land N10m Per Plot,Festact Town in Amuwo Odofin Festac Amuwo Odofin Lagos,"₦10,000,000", beds, baths, Toilets
452,Land Two Plot Together fenced round,Behind ASPAMDA INTERNATIONAL TRADE FAIR MARKET Abule Ado Festac Amuwo Odofin Lagos,"₦50,000,000",0 beds,0 baths,0 Toilets
453,3767sqm Dry land,Festac Amuwo Odofin Lagos,"₦750,000,000", beds, baths, Toilets
454,Land ,6th Avenue Festac Amuwo Odofin Lagos,"₦15,000,000",0 beds,0 baths,0 Toilets
455,"10,000sqm Fenced & Gated Vacant Land Suitable for Estate Development, etc",Festac Amuwo Odofin Lagos,"₦650,000,000", beds, baths, Toilets
456,9 Acres of Land Plot Suitable for Commercial & Residential Developments ,2nd Gate Festac Amuwo Odofin Lagos,"₦1,800,000,000",0 beds,0 baths,0 Toilets
457,6 numbers of 3bedroom flat,Ago palace Festac Amuwo Odofin Lagos,"₦90,000,000",0 beds,0 baths,0 Toilets
458,Diamond Estate land Federal CofO,Festac Amuwo Odofin Lagos,"₦7,000,000", beds, baths, Toilets
459,Luxury Hotel Development,Festac Amuwo Odofin Lagos,"₦350,000,000", beds, baths, Toilets
460,BLOCK OF FLATS,Festac town. First Avenue 101 Festac Amuwo Odofin Lagos,"₦135,000,000", beds, baths, Toilets
461,Properties on a 2acres of land + an Extra 1 plot of land ,Festac town Festac Amuwo Odofin Lagos,"₦600,000,000",10 beds,10 baths,10 Toilets
462,A 2 bedroom flat ,Amuwo Odofin Housing Estate close to Shoprite Festac Amuwo Odofin Lagos,"₦26,000,000",2 beds,2 baths,2 Toilets
463,spacious 6 bedroom duplex on about 2000sqm ,Festac Amuwo Odofin Lagos,"₦310,000,000",6 beds,5 baths, Toilets
464,DUPLEX,Festac Amuwo Odofin Lagos,"₦140,000,000",0 beds,0 baths,0 Toilets
465,CORNER PIECE PLOT OF LAND,15th Avenue Festac Amuwo Odofin Lagos,"₦30,000,000",0 beds,0 baths,0 Toilets
466,Commercial land available,Very close to the beach Costal town Festac Amuwo Odofin Lagos,"₦250,000,000",0 beds,0 baths,0 Toilets
467,Spacious 5bdrm duplex with 2bdrm bq @3th Avenue Festac for 67m neg.,3rd avenue Festac Amuwo Odofin Lagos,"₦67,000,000/year",5 beds,5 baths,5 Toilets
468,"5 BEDROOM HOUSE T9 TYPE AT SECOND AVENUE, FESTAC, LAGOS",Festac Amuwo Odofin Lagos,"₦60,000,000",5 beds,4 baths,5 Toilets
469,Nation Gardens Estate,"6th Avenue, Billionaire's Quaters Festac Amuwo Odofin Lagos","₦3,800,000", beds, baths, Toilets
470,Functional school on one and half plot of Land ,Festac Amuwo Odofin Lagos,"₦105,000,000",0 beds,0 baths,0 Toilets
471,MASSIVE 5 BEDROOM FULLY DETACHED HOUSE ,Banana Island Banana Island Ikoyi Lagos,Not available,5 beds,6 baths,6 Toilets
472,Promo Price still selling @ 10m The Emperor Pillars FESTAC Town is selling Plots of Land N10m Per Plot,Festact Town in Amuwo Odofin Festac Amuwo Odofin Lagos,"₦10,000,000", beds, baths, Toilets
473,Land Two Plot Together fenced round,Behind ASPAMDA INTERNATIONAL TRADE FAIR MARKET Abule Ado Festac Amuwo Odofin Lagos,"₦50,000,000",0 beds,0 baths,0 Toilets
474,3767sqm Dry land,Festac Amuwo Odofin Lagos,"₦750,000,000", beds, baths, Toilets
475,Land ,6th Avenue Festac Amuwo Odofin Lagos,"₦15,000,000",0 beds,0 baths,0 Toilets
476,"10,000sqm Fenced & Gated Vacant Land Suitable for Estate Development, etc",Festac Amuwo Odofin Lagos,"₦650,000,000", beds, baths, Toilets
477,9 Acres of Land Plot Suitable for Commercial & Residential Developments ,2nd Gate Festac Amuwo Odofin Lagos,"₦1,800,000,000",0 beds,0 baths,0 Toilets
478,6 numbers of 3bedroom flat,Ago palace Festac Amuwo Odofin Lagos,"₦90,000,000",0 beds,0 baths,0 Toilets
479,Diamond Estate land Federal CofO,Festac Amuwo Odofin Lagos,"₦7,000,000", beds, baths, Toilets
480,Luxury Hotel Development,Festac Amuwo Odofin Lagos,"₦350,000,000", beds, baths, Toilets
481,BLOCK OF FLATS,Festac town. First Avenue 101 Festac Amuwo Odofin Lagos,"₦135,000,000", beds, baths, Toilets
482,Properties on a 2acres of land + an Extra 1 plot of land ,Festac town Festac Amuwo Odofin Lagos,"₦600,000,000",10 beds,10 baths,10 Toilets
483,A 2 bedroom flat ,Amuwo Odofin Housing Estate close to Shoprite Festac Amuwo Odofin Lagos,"₦26,000,000",2 beds,2 baths,2 Toilets
484,spacious 6 bedroom duplex on about 2000sqm ,Festac Amuwo Odofin Lagos,"₦310,000,000",6 beds,5 baths, Toilets
485,DUPLEX,Festac Amuwo Odofin Lagos,"₦140,000,000",0 beds,0 baths,0 Toilets
486,CORNER PIECE PLOT OF LAND,15th Avenue Festac Amuwo Odofin Lagos,"₦30,000,000",0 beds,0 baths,0 Toilets
487,Commercial land available,Very close to the beach Costal town Festac Amuwo Odofin Lagos,"₦250,000,000",0 beds,0 baths,0 Toilets
488,Spacious 5bdrm duplex with 2bdrm bq @3th Avenue Festac for 67m neg.,3rd avenue Festac Amuwo Odofin Lagos,"₦67,000,000/year",5 beds,5 baths,5 Toilets
489,"5 BEDROOM HOUSE T9 TYPE AT SECOND AVENUE, FESTAC, LAGOS",Festac Amuwo Odofin Lagos,"₦60,000,000",5 beds,4 baths,5 Toilets
490,Nation Gardens Estate,"6th Avenue, Billionaire's Quaters Festac Amuwo Odofin Lagos","₦3,800,000", beds, baths, Toilets
491,Functional school on one and half plot of Land ,Festac Amuwo Odofin Lagos,"₦105,000,000",0 beds,0 baths,0 Toilets
492,Block of 6 units of 3 Bedroom each with bq on 1 acre of land Ikeja GRA Lagos Nigeria,Ikeja GRA Ikeja Lagos,Not available, beds, baths, Toilets
493,Promo Price still selling @ 10m The Emperor Pillars FESTAC Town is selling Plots of Land N10m Per Plot,Festact Town in Amuwo Odofin Festac Amuwo Odofin Lagos,"₦10,000,000", beds, baths, Toilets
494,Land Two Plot Together fenced round,Behind ASPAMDA INTERNATIONAL TRADE FAIR MARKET Abule Ado Festac Amuwo Odofin Lagos,"₦50,000,000",0 beds,0 baths,0 Toilets
495,3767sqm Dry land,Festac Amuwo Odofin Lagos,"₦750,000,000", beds, baths, Toilets
496,Land ,6th Avenue Festac Amuwo Odofin Lagos,"₦15,000,000",0 beds,0 baths,0 Toilets
497,"10,000sqm Fenced & Gated Vacant Land Suitable for Estate Development, etc",Festac Amuwo Odofin Lagos,"₦650,000,000", beds, baths, Toilets
498,9 Acres of Land Plot Suitable for Commercial & Residential Developments ,2nd Gate Festac Amuwo Odofin Lagos,"₦1,800,000,000",0 beds,0 baths,0 Toilets
499,6 numbers of 3bedroom flat,Ago palace Festac Amuwo Odofin Lagos,"₦90,000,000",0 beds,0 baths,0 Toilets
500,Diamond Estate land Federal CofO,Festac Amuwo Odofin Lagos,"₦7,000,000", beds, baths, Toilets
501,Luxury Hotel Development,Festac Amuwo Odofin Lagos,"₦350,000,000", beds, baths, Toilets
502,BLOCK OF FLATS,Festac town. First Avenue 101 Festac Amuwo Odofin Lagos,"₦135,000,000", beds, baths, Toilets
503,Properties on a 2acres of land + an Extra 1 plot of land ,Festac town Festac Amuwo Odofin Lagos,"₦600,000,000",10 beds,10 baths,10 Toilets
504,A 2 bedroom flat ,Amuwo Odofin Housing Estate close to Shoprite Festac Amuwo Odofin Lagos,"₦26,000,000",2 beds,2 baths,2 Toilets
505,spacious 6 bedroom duplex on about 2000sqm ,Festac Amuwo Odofin Lagos,"₦310,000,000",6 beds,5 baths, Toilets
506,DUPLEX,Festac Amuwo Odofin Lagos,"₦140,000,000",0 beds,0 baths,0 Toilets
507,CORNER PIECE PLOT OF LAND,15th Avenue Festac Amuwo Odofin Lagos,"₦30,000,000",0 beds,0 baths,0 Toilets
508,Commercial land available,Very close to the beach Costal town Festac Amuwo Odofin Lagos,"₦250,000,000",0 beds,0 baths,0 Toilets
509,Spacious 5bdrm duplex with 2bdrm bq @3th Avenue Festac for 67m neg.,3rd avenue Festac Amuwo Odofin Lagos,"₦67,000,000/year",5 beds,5 baths,5 Toilets
510,"5 BEDROOM HOUSE T9 TYPE AT SECOND AVENUE, FESTAC, LAGOS",Festac Amuwo Odofin Lagos,"₦60,000,000",5 beds,4 baths,5 Toilets
511,Nation Gardens Estate,"6th Avenue, Billionaire's Quaters Festac Amuwo Odofin Lagos","₦3,800,000", beds, baths, Toilets
512,Functional school on one and half plot of Land ,Festac Amuwo Odofin Lagos,"₦105,000,000",0 beds,0 baths,0 Toilets
513,36 Plots of Land ,Onitsha Road Industrial Layout Owerri Imo,Not available,0 beds,0 baths,0 Toilets
514,Promo Price still selling @ 10m The Emperor Pillars FESTAC Town is selling Plots of Land N10m Per Plot,Festact Town in Amuwo Odofin Festac Amuwo Odofin Lagos,"₦10,000,000", beds, baths, Toilets
515,Land Two Plot Together fenced round,Behind ASPAMDA INTERNATIONAL TRADE FAIR MARKET Abule Ado Festac Amuwo Odofin Lagos,"₦50,000,000",0 beds,0 baths,0 Toilets
516,3767sqm Dry land,Festac Amuwo Odofin Lagos,"₦750,000,000", beds, baths, Toilets
517,Land ,6th Avenue Festac Amuwo Odofin Lagos,"₦15,000,000",0 beds,0 baths,0 Toilets
518,"10,000sqm Fenced & Gated Vacant Land Suitable for Estate Development, etc",Festac Amuwo Odofin Lagos,"₦650,000,000", beds, baths, Toilets
519,9 Acres of Land Plot Suitable for Commercial & Residential Developments ,2nd Gate Festac Amuwo Odofin Lagos,"₦1,800,000,000",0 beds,0 baths,0 Toilets
520,6 numbers of 3bedroom flat,Ago palace Festac Amuwo Odofin Lagos,"₦90,000,000",0 beds,0 baths,0 Toilets
521,Diamond Estate land Federal CofO,Festac Amuwo Odofin Lagos,"₦7,000,000", beds, baths, Toilets
522,Luxury Hotel Development,Festac Amuwo Odofin Lagos,"₦350,000,000", beds, baths, Toilets
523,BLOCK OF FLATS,Festac town. First Avenue 101 Festac Amuwo Odofin Lagos,"₦135,000,000", beds, baths, Toilets
524,Properties on a 2acres of land + an Extra 1 plot of land ,Festac town Festac Amuwo Odofin Lagos,"₦600,000,000",10 beds,10 baths,10 Toilets
525,A 2 bedroom flat ,Amuwo Odofin Housing Estate close to Shoprite Festac Amuwo Odofin Lagos,"₦26,000,000",2 beds,2 baths,2 Toilets
526,spacious 6 bedroom duplex on about 2000sqm ,Festac Amuwo Odofin Lagos,"₦310,000,000",6 beds,5 baths, Toilets
527,DUPLEX,Festac Amuwo Odofin Lagos,"₦140,000,000",0 beds,0 baths,0 Toilets
528,CORNER PIECE PLOT OF LAND,15th Avenue Festac Amuwo Odofin Lagos,"₦30,000,000",0 beds,0 baths,0 Toilets
529,Commercial land available,Very close to the beach Costal town Festac Amuwo Odofin Lagos,"₦250,000,000",0 beds,0 baths,0 Toilets
530,Spacious 5bdrm duplex with 2bdrm bq @3th Avenue Festac for 67m neg.,3rd avenue Festac Amuwo Odofin Lagos,"₦67,000,000/year",5 beds,5 baths,5 Toilets
531,"5 BEDROOM HOUSE T9 TYPE AT SECOND AVENUE, FESTAC, LAGOS",Festac Amuwo Odofin Lagos,"₦60,000,000",5 beds,4 baths,5 Toilets
532,Nation Gardens Estate,"6th Avenue, Billionaire's Quaters Festac Amuwo Odofin Lagos","₦3,800,000", beds, baths, Toilets
533,Functional school on one and half plot of Land ,Festac Amuwo Odofin Lagos,"₦105,000,000",0 beds,0 baths,0 Toilets
534,MASSIVE 5 BEDROOM FULLY DETACHED HOUSE,Banana Island Banana Island Ikoyi Lagos,Not available,5 beds,6 baths,6 Toilets
535,Promo Price still selling @ 10m The Emperor Pillars FESTAC Town is selling Plots of Land N10m Per Plot,Festact Town in Amuwo Odofin Festac Amuwo Odofin Lagos,"₦10,000,000", beds, baths, Toilets
536,Land Two Plot Together fenced round,Behind ASPAMDA INTERNATIONAL TRADE FAIR MARKET Abule Ado Festac Amuwo Odofin Lagos,"₦50,000,000",0 beds,0 baths,0 Toilets
537,3767sqm Dry land,Festac Amuwo Odofin Lagos,"₦750,000,000", beds, baths, Toilets
538,Land ,6th Avenue Festac Amuwo Odofin Lagos,"₦15,000,000",0 beds,0 baths,0 Toilets
539,"10,000sqm Fenced & Gated Vacant Land Suitable for Estate Development, etc",Festac Amuwo Odofin Lagos,"₦650,000,000", beds, baths, Toilets
540,9 Acres of Land Plot Suitable for Commercial & Residential Developments ,2nd Gate Festac Amuwo Odofin Lagos,"₦1,800,000,000",0 beds,0 baths,0 Toilets
541,6 numbers of 3bedroom flat,Ago palace Festac Amuwo Odofin Lagos,"₦90,000,000",0 beds,0 baths,0 Toilets
542,Diamond Estate land Federal CofO,Festac Amuwo Odofin Lagos,"₦7,000,000", beds, baths, Toilets
543,Luxury Hotel Development,Festac Amuwo Odofin Lagos,"₦350,000,000", beds, baths, Toilets
544,BLOCK OF FLATS,Festac town. First Avenue 101 Festac Amuwo Odofin Lagos,"₦135,000,000", beds, baths, Toilets
545,Properties on a 2acres of land + an Extra 1 plot of land ,Festac town Festac Amuwo Odofin Lagos,"₦600,000,000",10 beds,10 baths,10 Toilets
